event_id,event,radius_km,cyclone_only,footprint_relays,exposed_larger,upstream_only_larger,exposed_all,upstream_only_all,people_exposed_larger
AU200506_22U,Monica 2006,50,False,48,1,0,14,1,344
AU200506_22U,Monica 2006,100,False,85,3,0,36,0,4236
AU200506_22U,Monica 2006,150,False,121,3,0,42,1,4236
AU200506_22U,Monica 2006,50,True,14,0,0,8,0,0
AU200506_22U,Monica 2006,100,True,32,2,0,30,0,3892
AU200506_22U,Monica 2006,150,True,64,2,0,36,1,3892
AU201415_13U,Lam 2015,50,False,24,3,0,20,0,4000
AU201415_13U,Lam 2015,100,False,54,6,3,38,7,4504
AU201415_13U,Lam 2015,150,False,75,6,0,39,0,4504
AU201415_13U,Lam 2015,50,True,12,3,0,20,0,4000
AU201415_13U,Lam 2015,100,True,29,5,2,34,5,4160
AU201415_13U,Lam 2015,150,True,53,5,0,36,0,4160
AU201819_20U,Trevor 2019,50,False,16,3,0,6,0,672
AU201819_20U,Trevor 2019,100,False,38,6,0,21,2,1309
AU201819_20U,Trevor 2019,150,False,54,6,0,24,1,1309
AU201819_20U,Trevor 2019,50,True,10,1,0,4,0,261
AU201819_20U,Trevor 2019,100,True,20,1,0,12,0,261
AU201819_20U,Trevor 2019,150,True,31,1,0,14,1,261
AU202324_09U,Megan 2024,50,False,40,4,1,41,5,4497
AU202324_09U,Megan 2024,100,False,76,4,0,46,1,4497
AU202324_09U,Megan 2024,150,False,113,5,0,52,0,4658
AU202324_09U,Megan 2024,50,True,21,3,0,37,5,4153
AU202324_09U,Megan 2024,100,True,36,3,0,41,0,4153
AU202324_09U,Megan 2024,150,True,44,4,0,42,0,4314
AU202526_34U,Narelle 2026,50,False,33,2,0,6,0,269
AU202526_34U,Narelle 2026,100,False,55,3,1,21,14,2722
AU202526_34U,Narelle 2026,150,False,99,5,2,42,13,2882
AU202526_34U,Narelle 2026,50,True,8,2,0,5,0,269
AU202526_34U,Narelle 2026,100,True,32,3,1,20,14,2722
AU202526_34U,Narelle 2026,150,True,65,5,2,40,13,2882
