source,publisher,url,licence,retrieved,raw_path,raw_md5,processed_table,processed_rows
ACMA Register of Radiocommunications Licences (point-to-point),Australian Communications and Media Authority,https://www.acma.gov.au/radiocomms-licence-data,ACMA RRL licence: use and derivatives allowed with attribution,2026-09-29,data_probe/listed-datasets/acma/nt_p2p_links.csv,2af5b2071e40048bfbf3b17b4154f45a,sites;links,358;313
NTG remote communities with mobile coverage 2021,Northern Territory Government,https://data.nt.gov.au/dataset/remote-communities-with-mobile-coverage,CC BY,2026-09-29,data_probe/listed-datasets/accc/nt_communities_telstra4g_outdoor_2026.csv,c49fd745a045699235779a2c450ad504,places,782
NTG list of remote communities with mobile coverage (backhaul) 2019,Northern Territory Government,https://data.nt.gov.au/dataset/list-of-remote-communities-with-mobile-coverage,CC BY,2026-09-29,data_probe/listed-datasets/ntg/remote-communities-mobile-coverage-backhaul-2019.xlsx,f603684a6097e5802f6ca4ce7b05d2c5,anchors;ntg_backhaul_2019,49;64
ACCC Mobile Infrastructure Report data release,Australian Competition and Consumer Commission,https://data.gov.au/data/dataset/accc-mobile-infrastructure-report-data-release,CC BY 2.5 AU,2026-09-29,data_probe/listed-datasets/accc/accc_mobile_sites_NT_bbox_2018_2026.csv,b65ba9aa606548a04974fc3f518283a6,other_carriers;telstra_mobile_sites,198;274
BoM tropical cyclone best track,Bureau of Meteorology,https://www.bom.gov.au/clim_data/IDCKMSTM0S.csv,"BoM copyright, reuse with attribution",2026-09-29,data_probe/listed-datasets/cyclone/IDCKMSTM0S.csv,15a399c127d905733354d98433d2eedd,tracks,7126
First Nations Connectivity Mapping Tool public layers (AGIL locations),"Department of Infrastructure, Transport, Regional Development, Communications, Sport and the Arts",https://spatial.infrastructure.gov.au/portal/apps/experiencebuilder/experience/?id=81c5ae65fbf74ce3a89cf25b1f323d50,CC BY 4.0 (public layers),2026-09-29,data_probe/listed-datasets/fnmap/nt_agil.geojson,c88722c3f084dd7510932da21e605b4d,funded,85
"First Nations Connectivity Mapping Tool public layers (payphones, Wi-Fi phones, Wi-Fi hubs, NBN community Wi-Fi)","Department of Infrastructure, Transport, Regional Development, Communications, Sport and the Arts; NIAA",https://spatial.infrastructure.gov.au/portal/apps/experiencebuilder/experience/?id=81c5ae65fbf74ce3a89cf25b1f323d50,CC BY 4.0 (public layers),2026-09-29,data_probe/au-telecom-infra/payphones/wifi_telephones_nt.csv,022dcac263c336e22e5d6e58732b8b9e,fallbacks,710
"First Nations Connectivity Mapping Tool public layers (payphones, Wi-Fi phones, Wi-Fi hubs, NBN community Wi-Fi)","Department of Infrastructure, Transport, Regional Development, Communications, Sport and the Arts; NIAA",https://spatial.infrastructure.gov.au/portal/apps/experiencebuilder/experience/?id=81c5ae65fbf74ce3a89cf25b1f323d50,CC BY 4.0 (public layers),2026-09-29,data_probe/au-telecom-infra/payphones/community_payphones_nt.csv,951c05379d9fb0631784f4593bb11003,fallbacks,710
"First Nations Connectivity Mapping Tool public layers (payphones, Wi-Fi phones, Wi-Fi hubs, NBN community Wi-Fi)","Department of Infrastructure, Transport, Regional Development, Communications, Sport and the Arts; NIAA",https://spatial.infrastructure.gov.au/portal/apps/experiencebuilder/experience/?id=81c5ae65fbf74ce3a89cf25b1f323d50,CC BY 4.0 (public layers),2026-09-29,data_probe/au-telecom-infra/payphones/payphones_ric_nt.csv,2e3187da841e2e06937dace0c3e5d9d9,fallbacks,710
"First Nations Connectivity Mapping Tool public layers (payphones, Wi-Fi phones, Wi-Fi hubs, NBN community Wi-Fi)","Department of Infrastructure, Transport, Regional Development, Communications, Sport and the Arts; NIAA",https://spatial.infrastructure.gov.au/portal/apps/experiencebuilder/experience/?id=81c5ae65fbf74ce3a89cf25b1f323d50,CC BY 4.0 (public layers),2026-09-29,data_probe/au-telecom-infra/payphones/wifi_hubs_nt.csv,712c8dfd00eee3ff922b53f78eeedc7a,fallbacks,710
"First Nations Connectivity Mapping Tool public layers (payphones, Wi-Fi phones, Wi-Fi hubs, NBN community Wi-Fi)","Department of Infrastructure, Transport, Regional Development, Communications, Sport and the Arts; NIAA",https://spatial.infrastructure.gov.au/portal/apps/experiencebuilder/experience/?id=81c5ae65fbf74ce3a89cf25b1f323d50,CC BY 4.0 (public layers),2026-09-29,data_probe/au-telecom-infra/payphones/community_wifi_nbn_nt.csv,1ce0c03268f22c6ea7aa888bd5f40c5a,fallbacks,710
nbn footprint for NT communities,NBN Co via data.gov.au,https://data.gov.au/data/dataset/national-broadband-network,CC BY 4.0,2026-09-29,data_probe/listed-datasets/nbn/nt_communities_nbn_footprint.csv,d1b859802ce25f7a701985a9c1500c71,places,782
Mobile Network Hardening Program sites,"Department of Infrastructure, Transport, Regional Development, Communications, Sport and the Arts",https://spatial.infrastructure.gov.au/server/rest/services,CC BY 4.0,2026-09-29,data_probe/au-telecom-infra/mnhp/mnhp_nt_all_layers.csv,b0fcdf1e93cf65cb27952b6967926e46,power,25
STAND Sky Muster satellite deployments,"Department of Infrastructure, Transport, Regional Development, Communications, Sport and the Arts",https://spatial.infrastructure.gov.au/server/rest/services,CC BY 4.0,2026-09-29,data_probe/au-telecom-infra/stand/stand_skymuster_nt.csv,a60d3e2c3e1ca1f2a1af2fb36bb528e7,fallbacks,710
Mobile Black Spot Program base stations,"Department of Infrastructure, Transport, Regional Development, Communications, Sport and the Arts",https://spatial.infrastructure.gov.au/server/rest/services,CC BY 4.0,2026-09-29,data_probe/au-telecom-infra/mbsp/mbsp_nt_kml_points.csv,615cb68392f8c49b8347073dc9aed8fd,funded,85
First Nations Community Wi-Fi Program 2026 funded list,"Department of Infrastructure, Transport, Regional Development, Communications, Sport and the Arts",https://www.infrastructure.gov.au/media-communications/first-nations-digital-inclusion,Licence not stated,2026-09-29,data_probe/nt-connectivity-landscape/fn_wifi_funded_projects_2026.csv,d1f3ed5f9a4a0070d717ecad87a613c2,funded,85
Geoscape National Roads (Digital Atlas of Australia),Geoscape Australia via Geoscience Australia,https://services-ap1.arcgis.com/ypkPEy1AmwPKGNNv/arcgis/rest/services/National_Roads/FeatureServer/0,CC BY 4.0,2026-09-29,data_probe/nt-context-data/nt_national_roads_geoscape.geojson,ed81f695bd6f82a31b02022b2d6c2499,places;sites,782;358
NTLIS land council boundaries,Northern Territory Government (NTLIS),https://ogc.ntlis.nt.gov.au/gs/ntlis/wfs,CC BY 4.0 (to confirm),2026-09-29,data_probe/nt-context-data/ntlis_wfs/LAND_COUNCIL_BOUNDARIES.geojson,fc786e8430052777785a9327dda399b5,places,782
NTLIS Aboriginal Land Trusts,Northern Territory Government (NTLIS),https://ogc.ntlis.nt.gov.au/gs/ntlis/wfs,CC BY 4.0 (to confirm),2026-09-29,data_probe/nt-context-data/ntlis_wfs/ABORIGINAL_LAND_TRUSTS.geojson,9efe7bff6ffbe8cf4aa69447474e1846,sites,358
NTLIS counter disaster areas,Northern Territory Government (NTLIS),https://ogc.ntlis.nt.gov.au/gs/ntlis/wfs,CC BY 4.0 (to confirm),2026-09-29,data_probe/nt-context-data/ntlis_wfs/COUNTER_DISASTER_AREAS.geojson,e3fd02f7a253730b54b287839b4d7533,places,782
NTLIS NT Planning Scheme land subject to flooding (1% AEP flood studies),Northern Territory Government (NTLIS),https://ogc.ntlis.nt.gov.au/gs/ntlis/wfs,CC BY 4.0 (to confirm),2026-09-29,data_probe/nt-context-data/ntlis_wfs/NTPS_SUBJECT_TO_FLOODING.geojson,381fd4533e1142b6936e126b8193ef7f,places;sites,782;358
ACCC Telstra 4G outdoor coverage 2026 (KML; clipped to NT places by scripts/kml_nt_clip.py),Australian Competition and Consumer Commission,https://data.gov.au/data/dataset/accc-mobile-infrastructure-report-data-release,CC BY 2.5 AU,2026-09-29,data_probe/listed-datasets/accc/telstra-4g-outdoor-2026.kml,c3507cd4e733f58ea8710fa9796f053f,places,782
Australian Digital Inclusion Index 2025 report (context only),RMIT University and partners,https://digitalinclusionindex.org.au/,Terms as published (context only),2026-09-29,data_probe/listed-datasets/adii/ADII-Report-2025.pdf,9690ced1b63264b5c352cd0a095dc6a4,none (context only),0
"ABS Census dwelling internet access 2006-2016, NT (context only)",Australian Bureau of Statistics,https://www.abs.gov.au/statistics/microdata-tablebuilder/tablebuilder,CC BY 4.0,2026-09-29,data_probe/listed-datasets/abs/nt_dwelling_internet_2006_2016.csv,10e9ce5226691c500fa0872ab370352f,none (context only),0
NTG bushfire risk for remote communities 2020,"Bushfires NT, Northern Territory Government",https://data.nt.gov.au/dataset/bushfire-risk-for-remote-communities-in-the-northern-territory,CC BY 4.0,2026-09-29,data_probe/nt-context-data/nt_remote_communities_bushfire_risk_2020.csv,f64a1199e85ed91e4b3fbad3c9abd21f,places,782
nbn outage register,NBN Co,https://www.nbnco.com.au/content/dam/nbnco/acma-content/nbn_outage_register.csv,Terms not stated,2026-09-29,data_probe/nt-connectivity-landscape/nbn_outage_register.csv,8ce4c58ce88c48a935f6278f46d3b45b,outage_ledger,5
"National Audit of Mobile Coverage non-alignment data, September 2026","Department of Infrastructure, Transport, Regional Development, Communications, Sport and the Arts",https://www.infrastructure.gov.au/sites/default/files/documents/national_audit_of_mobile_coverage_non-alignment_data_september_2026.csv,Licence to confirm,2026-09-29,data_probe/listed-datasets/fnmap/namc_nonalign_NT.csv,e1c2fa61e953bc58cc291a9c7633355f,namc_tiles,595
